N_boundary_points,sup_norm_boundary_error
3,0.026097675000000042
4,0.018096000000000112
5,0.010639350000000047
6,0.010639350000000047
7,0.010639350000000047
8,0.005848537500000028
10,0.0
